57076.34805,0,0
57104.473538,-62,-60
57126.881651,-211,-218
57149.064768,-416,-434
57171.528598,-659,-686
57194.162656,-928,-968
57216.488513,-1207,-1259
57243.521837,-1561,-1625
57265.808594,-1861,-1935
57287.983329,-2166,-2246
57310.155405,-2472,-2563
57332.676462,-2790,-2885
57354.87253,-3103,-3207
57383.756727,-3518,-3623
57405.944806,-3835,-3944
57428.129327,-4155,-4265
57450.394949,-4474,-4586
57472.842525,-4793,-4911
57495.026079,-5113,-5232
57523.887538,-5527,-5650
57546.146918,-5849,-5972
57568.429131,-6170,-6293
57590.599413,-6486,-6615
57612.856663,-6808,-6937
57635.287146,-7128,-7262
57663.716408,-7541,-7673
57686.174017,-7862,-7996
57708.466382,-8185,-8318
57730.995791,-8508,-8643
57753.176376,-8828,-8964
57775.656294,-9152,-9288
57804.322972,-9564,-9702
57826.861712,-9890,-10027
57849.046593,-10209,-10344
57871.207954,-10528,-10666
57893.536211,-10850,-10988
57915.976598,-11169,-11313
57945.442202,-11595,-11737
57967.622686,-11913,-12055
57989.827718,-12230,-12374
58012.17094,-12552,-12694
58034.347069,-12869,-13013
58056.52609,-13189,-13333
58085.827656,-13607,-13753
58108.038806,-13926,-14072
58130.368176,-14247,-14391
58152.593642,-14563,-14711
58174.775172,-14882,-15028
58196.702643,-15194,-15344
58224.745901,-15596,-15746
58247.465141,-15920,-16071
58269.587223,-16237,-16390
58291.901649,-16559,-16709
58314.037924,-16874,-17026
58336.173412,-17192,-17343
58365.021436,-17604,-17756
58387.144634,-17923,-18073
58409.645684,-18243,-18393
58432.407406,-18571,-18719
58454.568443,-18888,-19035
58483.867192,-19306,-19457
58505.986915,-19621,-19774
58528.193521,-19939,-20090
58550.312946,-20256,-20408
58572.493361,-20573,-20725
58594.830918,-20890,-21043
58624.551738,-21315,-21469
58646.932584,-21634,-21787
58669.147354,-21953,-22104
58691.279251,-22271,-22421
58713.59266,-22589,-22739
58735.70573,-22906,-23054
58765.452746,-23331,-23480
58787.566766,-23649,-23798
58809.678006,-23965,-24113
58832.109057,-24286,-24436
58854.38858,-24607,-24753
58876.537069,-24921,-25070
58905.631386,-25338,-25487
58928.351695,-25660,-25811
58950.613672,-25979,-26130
58972.959509,-26299,-26448
58995.090303,-26615,-26765
59025.466523,-27051,-27200
59047.68474,-27366,-27518
59069.788861,-27682,-27834
59092.513236,-28007,-28158
59114.79831,-28322,-28476
59136.944207,-28641,-28790
59165.866518,-29053,-29202
59187.994159,-29369,-29519
59210.144249,-29684,-29835
59232.440602,-30003,-30154
59254.577914,-30321,-30468
59276.731564,-30637,-30783
59306.242927,-31058,-31203
59327.995169,-31367,-31512
59349.783741,-31678,-31822
59372.095247,-31996,-32140
59394.223991,-32313,-32456
59416.360202,-32632,-32770
59445.761193,-33049,-33189
59468.076978,-33369,-33508
59490.347245,-33687,-33826
59512.803585,-34008,-34146
59719.662424,-36959,-37095
59754.739346,-37461,-37598
59783.309972,-37830,-37915
59805.142697,-37962,-38022
59828.090608,-38015,-38069
59849.971813,-38050,-38081
59871.932843,-38065,-38079
59894.217266,-38067,-38077
59933.086804,-38067,-38077
59969.218194,-38067,-38077
59991.538997,-38067,-38077
60013.677068,-38067,-38077
60035.439182,-38067,-38077
60064.28059,-38067,-38077
60086.546289,-38067,-38077
60108.434472,-38067,-38077
60130.211086,-38067,-38077
60152.2899,-38067,-38077
60174.13985,-38067,-38077
60195.983417,-38067,-38077
60225.776694,-38067,-38077
60248.525402,-38067,-38077
60270.880431,-38067,-38077
60292.744069,-38067,-38077
60314.582542,-38067,-38077
60336.469327,-38067,-38077
60365.672334,-38067,-38077
60387.478163,-38067,-38077
60409.423446,-38067,-38077
60431.297772,-38067,-38077
60453.243244,-38067,-38077
60475.143259,-38067,-38077
60503.560603,-38067,-38077
60525.693016,-38067,-38077
60547.827836,-38067,-38077
60569.755872,-38067,-38077
60591.794605,-38067,-38077
60613.734163,-38067,-38077
60635.563388,-38067,-38077
60664.530132,-38067,-38077
60686.927723,-38067,-38077
60708.762468,-38067,-38077
60730.608388,-38067,-38077
60752.521873,-38067,-38077
60774.35069,-38067,-38077
60796.160935,-38067,-38077
60825.489415,-38067,-38077
60847.756365,-38067,-38077
60870.250468,-38067,-38077
60892.256667,-38067,-38077
60914.073102,-38067,-38077
60935.932251,-38067,-38077
60964.387618,-38067,-38077
60986.164194,-38067,-38077
61008.116898,-38067,-38077
61030.156648,-38067,-38077
61052.05107,-38067,-38077
61074.012896,-38067,-38077
61095.825692,-38067,-38077
61131.693636,-38067,-38077
61153.656568,-38067,-38077
61175.45747,-38067,-38077
61205.066149,-38067,-38077
61226.815486,-38067,-38077
61248.584299,-38067,-38077
61270.828888,-38067,-38077
61292.721571,-38067,-38077
61314.545834,-38067,-38077
61336.447554,-38067,-38077
61364.41668,-38067,-38077
61386.631816,-38067,-38077
61408.420578,-38067,-38077
61430.741243,-38067,-38077
61452.777157,-38067,-38077
61474.583759,-38067,-38077
61496.403153,-38067,-38077
61525.426468,-38067,-38077
61547.227084,-38067,-38077
61568.994603,-38067,-38077
61590.927141,-38067,-38077
61613.748407,-38067,-38077
61635.685872,-38067,-38077
61664.561684,-38067,-38077
61686.325876,-38067,-38077
61708.100581,-38067,-38077
61729.986662,-38067,-38077
61751.857267,-38067,-38077
61774.465851,-38067,-38077
61796.506018,-38067,-38077
61826.093733,-38067,-38077
61847.755728,-38067,-38077
61869.467219,-38067,-38077
61891.566083,-38067,-38077
61913.317326,-38067,-38077
61935.301459,-38067,-38077
61964.409081,-38067,-38077
61986.19685,-38067,-38077
62007.946913,-38067,-38077
62029.814811,-38067,-38077
62051.564309,-38067,-38077
62073.360117,-38067,-38077
62095.596151,-38067,-38077
62124.449079,-38067,-38077
62146.143317,-38067,-38077
62167.846406,-38067,-38077
62189.588589,-38067,-38077
62211.90542,-38067,-38077
62233.838349,-38067,-38077
62256.075469,-38067,-38077
62277.91333,-38067,-38077
62305.170805,-38067,-38077
62326.868298,-38067,-38077
62348.672355,-38067,-38077
62370.446187,-38067,-38077
62392.244684,-38067,-38077
62414.037167,-38067,-38077
62443.162891,-38067,-38077
62464.882569,-38067,-38077
62486.652751,-38067,-38077
62508.481923,-38067,-38077
62530.235373,-38067,-38077
62552.838626,-38067,-38077
62574.656508,-38067,-38077
62603.953783,-38067,-38077
62625.844764,-38067,-38077
62647.573166,-38067,-38077
62669.362377,-38067,-38077
62691.151369,-38067,-38077
62713.020465,-38067,-38077
62734.877547,-38067,-38077
62763.452472,-38067,-38077
62785.162362,-38067,-38077
62806.977353,-38067,-38077
62828.77188,-38067,-38077
62851.084009,-38067,-38077
62873.25813,-38067,-38077
62895.358332,-38067,-38077
62923.432176,-38067,-38077
62945.535169,-38067,-38077
62967.619113,-38067,-38077
62989.713775,-38067,-38077
63011.888606,-38067,-38077
63034.011626,-38067,-38077
63056.132043,-38067,-38077
63084.70032,-38067,-38077
63106.804461,-38067,-38077
63128.938771,-38067,-38077
63151.034549,-38067,-38077
63173.192268,-38067,-38077
63195.360013,-38067,-38077
63224.68082,-38067,-38077
63246.77925,-38067,-38077
63268.889657,-38067,-38077
63290.997831,-38067,-38077
63313.099685,-38067,-38077
63335.21986,-38067,-38077
63364.078674,-38067,-38077
63386.313165,-38067,-38077
63408.826959,-38067,-38077
63430.922056,-38067,-38077
63453.149091,-38067,-38077
63475.254916,-38067,-38077
63504.105655,-38067,-38077
63526.234852,-38067,-38077
63548.347929,-38067,-38077
63570.437708,-38067,-38077
63592.605399,-38067,-38077
63615.120748,-38067,-38077
63643.779321,-38067,-38077
63665.881059,-38067,-38077
63687.978446,-38067,-38077
63710.066204,-38067,-38077
63732.230761,-38067,-38077
63754.334549,-38067,-38077
63776.433255,-38067,-38077
63806.223442,-38067,-38077
63828.225962,-38067,-38077
63850.334738,-38067,-38077
63872.504726,-38067,-38077
63894.612873,-38067,-38077
63923.342951,-38067,-38077
63945.893333,-38067,-38077
63968.004996,-38067,-38077
63990.102627,-38067,-38077
64012.266842,-38067,-38077
64034.393053,-38067,-38077
64063.358892,-38067,-38077
64085.467602,-38067,-38077
64107.572383,-38067,-38077
64129.703332,-38067,-38077
64152.279635,-38067,-38077
64174.412213,-38067,-38077
64203.146308,-38067,-38077
64225.256002,-38067,-38077
64247.379448,-38067,-38077
64269.481622,-38067,-38077
64291.629857,-38067,-38077
64313.732321,-38067,-38077
64335.953502,-38067,-38077
64364.495084,-38067,-38077
64386.592272,-38067,-38077
64408.688673,-38067,-38077
64430.796567,-38067,-38077
64453.056667,-38067,-38077
64475.164822,-38067,-38077
64504.460079,-38067,-38077
64526.572165,-38067,-38077
64548.664298,-38067,-38077
64570.766585,-38067,-38077
64592.928134,-38067,-38077
64615.145125,-38067,-38077
64644.227317,-38067,-38077
64666.459997,-38067,-38077
64690.004773,-38067,-38077
64712.654525,-38067,-38077
64735.233609,-38067,-38077
64765.728798,-38067,-38077
64788.184236,-38067,-38077
64810.645108,-38067,-38077
64833.922614,-38067,-38077
64856.55463,-38067,-38077
64884.031159,-38067,-38077
64905.874071,-38067,-38077
64927.716375,-38067,-38077
64949.372457,-38067,-38077
64971.174028,-38067,-38077
64993.009439,-38067,-38077
65014.697852,-38067,-38077
65036.399963,-38067,-38077
65065.027875,-38067,-38077
65086.717181,-38067,-38077
65108.387478,-38067,-38077
65130.532249,-38067,-38077
65152.273772,-38067,-38077
65174.185124,-38067,-38077
65195.938066,-38067,-38077
65218.152924,-38067,-38077
65244.992961,-38067,-38077
65266.868287,-38067,-38077
65288.577419,-38067,-38077
65310.343031,-38067,-38077
65332.17327,-38067,-38077
65353.927376,-38067,-38077
65382.720374,-38067,-38077
65404.429647,-38067,-38077
65426.144946,-38067,-38077
65447.860252,-38067,-38077
65469.675622,-38067,-38077
65491.996616,-38067,-38077
65513.757674,-38067,-38077
65535.832663,-38067,-38077
65564.339745,-38067,-38077
65586.396139,-38067,-38077
65608.443316,-38067,-38077
65630.83331,-38067,-38077
65652.954014,-38067,-38077
65675.009856,-38067,-38077
65704.294465,-38067,-38077
65727.323105,-38067,-38077
65749.909384,-38067,-38077
65772.16304,-38067,-38077
65794.25534,-38067,-38077
65816.480642,-38067,-38077
65845.202946,-38067,-38077
65867.372014,-38067,-38077
65889.446591,-38067,-38077
65911.567646,-38067,-38077
65933.622798,-38067,-38077
65955.678678,-38067,-38077
65984.366903,-38067,-38077
66006.413161,-38067,-38077
66028.466407,-38067,-38077
66050.751057,-38067,-38077
66073.195375,-38067,-38077
66095.25385,-38067,-38077
66123.745196,-38067,-38077
66145.826455,-38067,-38077
66167.950901,-38067,-38077
66190.161309,-38067,-38077
66212.31362,-38067,-38077
66234.401474,-38067,-38077
66256.59917,-38067,-38077
66285.190894,-38067,-38077
66307.250996,-38067,-38077
66329.32884,-38067,-38077
66351.441803,-38067,-38077
66373.511931,-38067,-38077
66395.562438,-38067,-38077
66424.929148,-38067,-38077
66446.987982,-38067,-38077
66469.043665,-38067,-38077
66491.102183,-38067,-38077
66513.228444,-38067,-38077
66535.289296,-38067,-38077
66563.57152,-38067,-38077
66585.616538,-38067,-38077
66607.657651,-38067,-38077
66630.035738,-38067,-38077
66652.180006,-38067,-38077
66674.254042,-38067,-38077
66702.964205,-38067,-38077
66724.706284,-38067,-38077
66746.561004,-38067,-38077
66768.239125,-38067,-38077
66789.98684,-38067,-38077
66811.797438,-38067,-38077
66833.631528,-38067,-38077
66855.493099,-38067,-38077
66883.826362,-38067,-38077
66905.596713,-38067,-38077
66927.303022,-38067,-38077
66949.020109,-38067,-38077
66970.652384,-38067,-38077
66992.527472,-38067,-38077
67014.294407,-38067,-38077
67036.039865,-38067,-38077
67064.092975,-38067,-38077
67085.945387,-38067,-38077
67107.656358,-38067,-38077
67129.391289,-38067,-38077
67151.179134,-38067,-38077
67173.000681,-38067,-38077
67194.736424,-38067,-38077
67222.978003,-38067,-38077
67244.618593,-38067,-38077
67266.515519,-38067,-38077
67288.142279,-38067,-38077
67309.920914,-38067,-38077
67332.297923,-38067,-38077
67354.060699,-38067,-38077
67375.771877,-38067,-38077
67404.758812,-38067,-38077
67426.591049,-38067,-38077
67448.40202,-38067,-38077
67470.176795,-38067,-38077
67491.958586,-38067,-38077
67513.710607,-38067,-38077
67535.442068,-38067,-38077
67564.509139,-38067,-38077
67586.225022,-38067,-38077
67608.130015,-38067,-38077
67629.844798,-38067,-38077
67651.644126,-38067,-38077
67673.382433,-38067,-38077
67695.147091,-38067,-38077
67724.192469,-38067,-38077
67746.339111,-38062,-38054
67768.526455,-37937,-37902
67790.753257,-37736,-37690
67812.86708,-37494,-37444
67834.931513,-37224,-37177
67856.989077,-36937,-36897
67885.071889,-36556,-36527
67907.129728,-36251,-36229
67929.206785,-35939,-35926
67951.550202,-35623,-35615
67973.628113,-35304,-35307
67995.68376,-34984,-34998
68025.45327,-34552,-34580
68047.505805,-34228,-34270
68120.091438,-33171,-33247
68142.284729,-32846,-32937
68164.276821,-32521,-32626
68186.684107,-32195,-32312
68208.327222,-31877,-32007
68230.026103,-31564,-31703
68251.707262,-31246,-31398
68273.349669,-30930,-31094
68295.032073,-30613,-30791
68324.630037,-30178,-30374
68346.226655,-29864,-30072
68367.937767,-29547,-29767
68389.574288,-29233,-29466
68411.253109,-28916,-29161
68433.044483,-28597,-28858
68455.072356,-28277,-28551
68483.787218,-27856,-28149
68505.792581,-27539,-27842
68527.816791,-27217,-27533
68549.826734,-26897,-27225
68571.899205,-26575,-26916
68593.904694,-26254,-26611
68615.917318,-25934,-26303
68645.07513,-25509,-25897
68667.095589,-25190,-25592
68689.105725,-24871,-25284
68711.121101,-24547,-24979
68733.209524,-24228,-24670
68755.748222,-23898,-24359
68784.268057,-23484,-23962
68806.138513,-23166,-23658
68827.850794,-22850,-23356
68849.486769,-22534,-23054
68871.351842,-22213,-22750
68893.441411,-21893,-22443
68915.45318,-21572,-22137
68945.246815,-21141,-21723
68967.514811,-20818,-21414
68989.630465,-20492,-21106
69011.709373,-20172,-20799
69033.726674,-19850,-20495
69055.764936,-19529,-20187
69085.179363,-19103,-19779
69107.515431,-18777,-19468
69129.895315,-18450,-19157
69151.982548,-18126,-18850
69174.020523,-17809,-18544
69196.202122,-17484,-18236
69225.850588,-17055,-17824
69248.418602,-16730,-17514
69271.131789,-16395,-17198
69293.211532,-16077,-16894
69315.314855,-15753,-16587
69344.942591,-15323,-16178
69367.053006,-15005,-15874
69389.611693,-14677,-15562
69411.665321,-14356,-15258
69433.771953,-14034,-14951
69455.9168,-13713,-14646
69483.517439,-13312,-14264
69505.384446,-12996,-13962
69527.373391,-12680,-13658
69549.167038,-12360,-13359
69571.13039,-12042,-13056
69592.918042,-11723,-12754
69614.74175,-11408,-12453
69643.60454,-10991,-12055
69665.423103,-10673,-11755
69687.304065,-10356,-11453
69708.92497,-10038,-11155
69730.778902,-9721,-10851
69752.891299,-9399,-10548
69774.780117,-9082,-10247
69803.155919,-8672,-9855
69824.957699,-8354,-9555
69846.827445,-8038,-9253
69869.007112,-7712,-8945
69890.979163,-7394,-8641
69913.128295,-7075,-8337
69935.044581,-6756,-8033
69963.226664,-6347,-7646
69984.965906,-6032,-7347
70007.083968,-5712,-7042
70029.095043,-5393,-6739
70051.094977,-5076,-6436
70073.491967,-4754,-6129
70102.921919,-4324,-5722
70125.030009,-4006,-5421
70147.01788,-3687,-5119
70169.081668,-3367,-4815
70191.172439,-3047,-4509
70212.994124,-2731,-4209
70234.924909,-2416,-3907
70264.29739,-1986,-3502
70285.979962,-1673,-3206
70307.597749,-1360,-2906
70329.261691,-1045,-2609
70351.014529,-732,-2309
70372.677839,-419,-2011
70394.368723,-105,-1711
70416.320048,213,-1411
70445.024487,629,-1017
70467.222841,949,-711
70489.691369,1274,-402
70512.23747,1598,-92
70534.637804,1923,213
70563.192946,2337,605
70585.550783,2661,911
70607.932938,2985,1220
70630.402513,3307,1528
70652.985802,3635,1837
70675.382571,3960,2145
70704.346719,4379,2541
70726.360479,4698,2843
70748.378206,5017,3145
70770.364715,5318,3434
70792.407528,5475,3601
70814.497713,5530,3679
70836.486952,5569,3708
70866.398657,5584,3711
70888.40192,5585,3708
70910.380677,5585,3708
70932.442579,5585,3708
70954.591448,5585,3708
70984.823584,5585,3708
71006.842749,5585,3708
71028.834727,5585,3708
71050.833305,5585,3708
71072.531126,5585,3708
71094.211119,5585,3708
71123.171544,5585,3708
71145.271805,5585,3708
71167.262928,5585,3708
71189.845514,5585,3708
71212.011702,5585,3708
71234.016189,5585,3708
71263.498301,5585,3708
71285.502609,5585,3708
71307.497246,5585,3708
71329.481481,5585,3708
71351.640205,5585,3708
71373.672284,5585,3708
71403.745972,5585,3708
71425.741263,5585,3708
71447.724204,5585,3708
71469.830875,5585,3708
71492.036082,5585,3708
71514.03604,5585,3708
71547.971325,5585,3708
71570.104857,5585,3708
71592.211307,5585,3708
71614.352338,5585,3708
71643.861177,5585,3708
71666.153551,5585,3708
71688.514055,5585,3708
71710.520063,5585,3708
71732.677391,5585,3708
71754.688268,5585,3708
71784.036239,5585,3708
71806.05224,5585,3708
71828.161806,5585,3708
71850.157038,5585,3708
71872.327945,5585,3708
71894.66231,5585,3708
71923.943828,5585,3708
71945.923011,5585,3708
71968.067944,5585,3708
71990.15665,5585,3708
72012.222789,5585,3708
72034.221863,5585,3708
72056.321797,5585,3708
72085.730281,5585,3708
72107.767016,5585,3708
72130.02486,5585,3708
72152.104789,5585,3708
72174.106455,5585,3708
72196.320332,5585,3708
72226.357604,5585,3708
72248.475786,5585,3708
72270.629077,5585,3708
72292.705134,5585,3708
72314.804805,5585,3708
72343.84429,5585,3708
72366.372229,5585,3708
72388.375739,5585,3708
72410.595831,5585,3708
72433.248962,5585,3708
72455.311427,5585,3708
72484.407974,5585,3708
72506.712407,5585,3708
72528.717189,5585,3708
72550.722651,5585,3708
72573.021165,5585,3708
72595.139214,5585,3708
72624.636839,5585,3708
72646.811044,5585,3708
72669.132034,5585,3708
72691.273313,5585,3708
72713.478298,5585,3708
72735.481271,5585,3708
72764.730747,5585,3708
72786.741477,5585,3708
72809.231006,5585,3708
72831.23953,5585,3708
72853.469603,5585,3708
72875.499129,5585,3708
72904.589941,5585,3708
72926.912423,5585,3708
72949.482041,5585,3708
72971.561387,5585,3708
72993.913896,5585,3708
73023.889254,5585,3708
73045.910992,5585,3708
73067.99431,5585,3708
73090.374667,5585,3708
73112.771659,5585,3708
73135.02269,5585,3708
73163.865955,5585,3708
73185.959153,5585,3708
73207.957077,5585,3708
73230.00915,5585,3708
73252.346917,5585,3708
73274.463546,5585,3708
73303.697156,5585,3708
73325.793936,5585,3708
73347.781915,5585,3708
73369.92214,5585,3708
73392.270755,5585,3708
73414.372377,5585,3708
73436.372942,5585,3708
73465.786213,5585,3708
73487.800961,5585,3708
73509.828626,5585,3708
73532.280886,5585,3708
73554.426684,5585,3708
73576.432427,5585,3708
73605.431084,5585,3708
73627.434531,5585,3708
73649.813022,5585,3708
73672.137713,5585,3708
73694.283362,5585,3708
73723.519642,5585,3708
73745.517834,5585,3708
73767.503392,5585,3708
73789.577725,5585,3708
73811.780768,5585,3708
73833.776142,5585,3708
73863.58472,5585,3708
73885.574539,5585,3708
73907.645963,5585,3708
73929.633318,5585,3708
73951.871317,5585,3708
73973.932444,5585,3708
74003.799299,5585,3708
74025.910022,5585,3708
74048.049198,5585,3708
74070.053395,5585,3708
74092.112832,5585,3708
74114.365171,5585,3708
74143.821796,5585,3708
74166.23811,5585,3708
74188.295933,5585,3708
74210.300075,5585,3708
74232.949018,5585,3708
74255.758044,5585,3708
74286.944643,5585,3708
74309.385099,5585,3708
74331.989742,5585,3708
74354.592749,5585,3708
74383.666774,5585,3708
74405.662886,5585,3708
74427.720839,5585,3708
74449.884077,5585,3708
74471.933556,5585,3708
74493.980232,5585,3708
74523.135293,5585,3708
74545.14503,5585,3708
74567.295653,5585,3708
74589.296316,5585,3708
74611.345764,5585,3708
74633.476997,5585,3708
74655.768073,5585,3708
74685.171499,5585,3708
74707.294294,5585,3708
74729.278303,5585,3708
74751.635162,5585,3708
74774.120544,5585,3708
74796.211857,5585,3708
74824.748332,5585,3708
74847.412742,5585,3708
74869.384959,5585,3708
74891.365539,5585,3708
74913.409038,5585,3708
74935.489823,5585,3708
74964.112802,5585,3708
74986.183788,5585,3708
75008.156484,5585,3708
75030.123808,5585,3708
75052.854364,5585,3708
75074.850173,5585,3708
75103.400291,5585,3708
75125.488119,5585,3708
75147.476431,5585,3708
75169.460848,5585,3708
75191.550191,5585,3708
75213.323384,5585,3708
75234.928232,5585,3708
75264.08864,5585,3708
75285.674409,5585,3708
75307.336659,5585,3708
75328.993749,5585,3708
75350.647419,5585,3708
75372.54522,5585,3708
75394.216379,5583,3701
75415.880058,5454,3562
75445.013267,5183,3285
75466.697877,4944,3032
75488.360429,4679,2767
75510.090837,4401,2491
75531.830736,4107,2206
75553.510865,3809,1912
75575.194524,3508,1613
75603.813727,3108,1213
75625.599224,2796,904
75647.580782,2482,591
75669.247402,2171,281
75690.956345,1856,-28
75713.217557,1537,-348
75734.88674,1222,-659
75763.538806,810,-1072
75785.202763,493,-1383
75806.927422,182,-1694
75828.684735,-133,-2007
75850.420622,-445,-2318
75872.141158,-758,-2631
75893.764294,-1070,-2942
75915.380543,-1381,-3256
75944.584971,-1803,-3676
75966.258977,-2114,-3987
75988.147867,-2430,-4302
76009.801046,-2741,-4613
76031.605683,-3054,-4929
76053.748792,-3376,-5249
76076.185313,-3697,-5574
76105.273266,-4118,-5992
76127.412024,-4436,-6311
76149.551687,-4755,-6631
76171.616518,-5073,-6949
76193.627906,-5391,-7268
76215.319158,-5706,-7581
76242.688781,-6102,-7976
76264.338251,-6415,-8289
76286.039675,-6728,-8603
76308.159994,-7046,-8924
76330.283918,-7362,-9245
76352.938294,-7687,-9572
76375.028636,-8009,-9891
76397.025599,-8324,-10208
76425.391932,-8734,-10617
76447.487191,-9049,-10935
76469.495433,-9364,-11255
76491.675571,-9684,-11572
76513.764014,-10000,-11889
76535.749497,-10320,-12204
76729.750949,-13101,-15003
76752.610232,-13429,-15335
76774.859496,-13751,-15655
76796.667553,-14062,-15968
76818.43711,-14378,-16282
76840.157003,-14687,-16595
76861.922783,-15000,-16908
76883.554979,-15308,-17220
76905.178736,-15617,-17524
76926.841624,-15840,-17709
76948.567883,-15944,-17795
76970.139203,-15983,-17830
76992.422067,-16007,-17837
77014.085796,-16014,-17835
77036.21889,-16014,-17834
77058.079189,-16015,-17834
77079.763521,-16015,-17834
77101.524676,-16015,-17834
77123.299973,-16015,-17834
77144.898088,-16015,-17834
77166.561314,-16015,-17834
77188.182331,-16015,-17834
77209.91027,-16015,-17834
77231.667268,-16015,-17834
77253.346166,-16015,-17834
77274.996203,-16015,-17834
77296.639787,-16015,-17834
77318.742192,-16015,-17834
77340.318776,-16015,-17834
77363.981673,-16015,-17834
77386.376654,-16015,-17834
77408.388596,-16034,-17855
77430.068073,-16038,-17857
77451.829195,-16038,-17855
77473.587937,-16038,-17855
77495.242989,-16038,-17855
77516.884511,-16038,-17855
77538.54134,-16038,-17855
77560.353027,-16038,-17855
77582.056412,-16038,-17855
77603.781257,-16038,-17855
77625.782195,-16038,-17855
77647.768981,-16038,-17855
77669.815945,-16038,-17855
77691.522653,-16038,-17855
77713.211106,-16038,-17855
77734.878219,-16038,-17855
77756.586855,-16038,-17855
77778.572194,-16038,-17855
77800.559445,-16038,-17855
77822.767596,-16038,-17855
77844.763066,-16038,-17855
77866.741361,-16038,-17855
77888.71578,-16038,-17855
77910.684728,-16038,-17855
77932.725904,-16038,-17855
77954.686446,-16038,-17855
77976.61065,-16038,-17855
77998.259847,-16038,-17855
78019.924888,-16038,-17855
78041.642471,-16038,-17855
78063.301139,-16038,-17855
78084.938846,-16038,-17855
78106.941118,-16038,-17855
78128.917432,-16038,-17855
78150.898811,-16038,-17855
78172.954651,-16038,-17855
78194.940772,-16038,-17855
78216.971422,-16038,-17855
78239.023268,-16038,-17855
78261.033493,-16038,-17855
78283.070183,-16038,-17855
78305.088933,-16038,-17855
78327.29911,-16038,-17855
78349.288417,-16038,-17855
78371.279339,-16038,-17855
78393.417167,-16038,-17855
78415.417047,-16038,-17855
78437.397608,-16038,-17855
78459.461835,-16038,-17855
78481.515223,-16038,-17855
78503.510261,-16038,-17855
78525.492617,-16038,-17855
78547.670846,-16038,-17855
78569.646234,-16038,-17855
78591.711215,-16038,-17855
78613.808721,-16038,-17855
78635.803414,-16038,-17855
78657.787235,-16038,-17855
78679.914491,-16038,-17855
78701.975789,-16038,-17855
78723.988617,-16038,-17855
78746.135757,-16038,-17855
78768.186123,-16038,-17855
78790.151896,-16038,-17855
78812.199878,-16038,-17855
78834.269133,-16038,-17855
78856.258697,-16038,-17855
78878.235451,-16038,-17855
78900.330795,-16038,-17855
78922.535533,-16038,-17855
78944.542889,-16038,-17855
78966.641675,-16038,-17855
78988.732635,-16038,-17855
79010.727233,-16038,-17855
79032.821909,-16038,-17855
79055.21772,-16038,-17855
79077.200878,-16038,-17855
79099.230629,-16038,-17855
79121.29866,-16038,-17855
79143.379189,-16038,-17855
79165.357533,-16038,-17855
79187.347415,-16038,-17855
79209.613869,-16038,-17855
79231.699088,-16038,-17855
79253.706678,-16038,-17855
79275.786379,-16038,-17855
79297.76965,-16038,-17855
79319.746992,-16038,-17855
79341.881833,-16038,-17855
79364.191625,-16038,-17855
79386.162438,-16038,-17855
79408.13646,-16038,-17855
79430.332423,-16038,-17855
79452.385825,-16038,-17855
79474.413992,-16038,-17855
79496.490619,-16038,-17855
79518.562403,-16038,-17855
79540.585239,-16038,-17855
79562.742964,-16038,-17855
79584.73663,-16038,-17855
79606.727201,-16038,-17855
79628.732173,-16038,-17855
79651.134145,-16038,-17855
79673.548485,-16038,-17855
79695.568156,-16038,-17855
79723.790881,-16038,-17855
79745.826041,-16038,-17855
79767.845414,-16038,-17855
79789.968495,-16038,-17855
79812.312945,-16038,-17855
79834.325755,-16038,-17855
79856.587208,-16038,-17855
79885.067387,-16038,-17855
79911.529831,-16038,-17855
79940.463477,-16038,-17855
79964.844859,-16038,-17855
79987.533381,-16038,-17855
80009.997145,-16038,-17855
80032.197648,-16038,-17855
80054.546442,-16038,-17855
80083.638904,-16038,-17855
80105.65728,-16038,-17855
80127.651514,-16038,-17855
80150.088833,-16038,-17855
80172.175876,-16038,-17855
80194.351414,-16038,-17855
80217.175651,-16038,-17855
80245.290012,-16038,-17855
80267.312269,-16038,-17855
80289.413252,-16038,-17855
80311.475173,-16038,-17855
80333.486756,-16038,-17855
80356.210064,-16038,-17855
80385.217554,-16038,-17855
80407.217924,-16038,-17855
80429.539314,-16038,-17855
80451.607199,-16038,-17855
80473.633056,-16038,-17855
80495.891028,-16038,-17855
80525.592704,-16038,-17855
80547.712227,-16038,-17855
80569.735871,-16038,-17855
80591.79516,-16038,-17855
80613.830926,-16038,-17855
80636.084926,-16038,-17855
80665.130481,-16038,-17855
80687.592447,-16038,-17855
80709.608289,-16038,-17855
80731.675006,-16038,-17855
80753.698571,-16038,-17855
80783.013378,-16038,-17855
80805.015379,-16038,-17855
80827.08985,-16038,-17855
80849.084855,-16038,-17855
80871.0985,-16038,-17855
80893.586748,-16038,-17855
80915.673595,-16038,-17855
80945.980966,-16038,-17855
80967.988738,-16038,-17855
80989.993638,-16038,-17855
81012.155812,-16038,-17855
81034.150949,-16038,-17855
81063.883102,-16038,-17855
81085.894571,-16038,-17855
81107.886638,-16038,-17855
81129.898238,-16038,-17855
81152.094577,-16038,-17855
81174.106913,-16038,-17855
81203.74697,-16038,-17855
81226.726342,-16038,-17855
81248.777179,-16038,-17855
81270.991079,-16038,-17855
81293.007968,-16038,-17855
81315.012565,-16038,-17855
81344.313667,-16038,-17855
81366.456737,-16038,-17855
81388.670564,-16038,-17855
81410.998968,-16038,-17855
81433.018596,-16038,-17855
81455.123782,-16038,-17855
81484.182728,-16038,-17855
81506.402208,-16038,-17855
81528.492855,-16038,-17855
81550.495491,-16038,-17855
81572.564228,-16038,-17855
81594.675808,-16038,-17855
81624.020475,-16038,-17855
81646.298014,-16038,-17855
81668.301602,-16038,-17855
81690.298496,-16038,-17855
81712.461144,-16038,-17855
81734.585805,-16038,-17855
81757.190627,-16038,-17855
81785.887819,-16038,-17855
81807.712211,-16038,-17855
81829.367882,-16038,-17855
81851.048769,-16038,-17855
81872.715957,-16038,-17855
81894.486203,-16038,-17855
81916.144363,-16038,-17855
81945.937387,-16038,-17855
81967.960562,-16038,-17855
81989.62698,-16038,-17855
82011.207489,-16038,-17855
82033.057232,-16038,-17855
82054.794117,-16038,-17855
82076.471927,-16038,-17855
82105.218231,-16038,-17855
82127.173693,-16038,-17855
82148.817266,-16038,-17855
82170.576979,-16038,-17855
82192.272203,-16038,-17855
82213.961462,-16038,-17855
82242.964397,-16038,-17855
82264.706394,-16038,-17855
82286.447452,-16038,-17855
82308.205473,-16038,-17855
82329.927565,-16038,-17855
82351.716504,-16038,-17855
82373.439389,-16038,-17855
82395.210195,-16038,-17855
82424.563059,-16038,-17855
82450.338112,-16038,-17855
82472.073509,-16038,-17855
82493.775517,-16038,-17855
82515.651623,-16038,-17855
82544.248871,-16038,-17855
82565.972558,-16027,-17839
82588.136241,-15885,-17698
82609.813732,-15681,-17496
82631.547439,-15437,-17253
82653.184101,-15172,-16990
82674.94493,-14890,-16710
82702.97704,-14509,-16337
82724.613991,-14207,-16041
82746.389849,-13901,-15740
82768.188905,-13589,-15434
82789.974188,-13280,-15128
82811.802413,-12965,-14819
82833.474484,-12653,-14513
82855.277903,-12333,-14205
82883.811159,-11918,-13800
82905.492799,-11603,-13494
82927.221264,-11285,-13185
82948.984809,-10971,-12876
82970.727286,-10653,-12567
82992.631602,-10334,-12258
83014.316305,-10014,-11950
83036.136562,-9698,-11641
83064.537822,-9284,-11241
83086.173737,-8969,-10932
83107.879361,-8655,-10626
83129.674698,-8336,-10317
83151.337328,-8020,-10013
83173.559535,-7696,-9700
83195.225667,-7364,-9380
83225.705397,-6941,-8967
83247.732868,-6620,-8655
83269.489794,-6304,-8349
83291.486481,-5982,-8039
83313.253498,-5665,-7733
83335.050838,-5347,-7427
83356.791182,-5031,-7121
83384.583458,-4629,-6729
83406.212722,-4312,-6424
83428.078637,-3994,-6117
83449.765891,-3679,-5811
83471.509538,-3362,-5506
83493.29574,-3046,-5199
83514.988104,-2731,-4895
83536.693047,-2417,-4588
83564.247914,-2013,-4201
83585.915395,-1698,-3897
83607.534752,-1384,-3593
83629.447046,-1065,-3285
83651.151738,-753,-2979
83672.91625,-437,-2674
83694.703699,-121,-2368
83724.427221,311,-1953
83746.44695,631,-1643
83768.701533,954,-1333
83790.723925,1273,-1026
83812.809404,1592,-716
83834.840609,1914,-407
83863.51035,2332,-6
83885.535295,2652,301
83908.019865,2979,616
83930.965142,3310,936
83953.471786,3639,1252
83975.193066,3954,1556
84003.353138,4366,1950
84025.114687,4659,2210
84046.862871,4810,2339
84068.474274,4859,2398
84090.142168,4891,2419
84112.0334,4903,2419
84133.779191,4904,2418
84155.807217,4904,2418
84184.582258,4904,2418
84206.274588,4904,2418
84227.868345,4904,2418
84249.601816,4904,2418
84271.34983,4904,2418
84293.276945,4904,2418
84314.960848,4904,2418
84343.272441,4904,2418
84365.237443,4904,2418
84386.928779,4904,2418
84408.636471,4904,2418
84430.323222,4904,2418
84452.134972,4904,2418
84473.982414,4904,2418
84495.676112,4904,2418
84524.388718,4904,2418
84546.039151,4904,2418
84567.730721,4904,2418
84589.412666,4904,2418
84611.512172,4904,2418
84633.198968,4904,2418
84654.963392,4904,2418
84683.204235,4904,2418
84705.002553,4904,2418
84726.983665,4904,2418
84748.653991,4904,2418
84770.444653,4904,2418
84792.188821,4904,2418
84813.874489,4904,2418
84835.633909,4904,2418
84865.213914,4904,2418
84886.966611,4904,2418
84908.723584,4904,2418
84930.422535,4904,2418
84952.089026,4904,2418
84973.821375,4904,2418
84995.818612,4904,2418
85025.260083,4904,2418
85046.927199,4904,2418
85068.728958,4904,2418
85090.387206,4904,2418
85112.11977,4904,2418
85133.822967,4904,2418
85155.582964,4904,2418
85184.187503,4904,2418
85206.549468,4904,2418
85229.064621,4904,2418
85251.607398,4904,2418
85274.180663,4904,2418
85303.413595,4904,2418
85325.249429,4904,2418
85347.409793,4904,2418
85369.421918,4904,2418
85391.523678,4904,2418
85413.646844,4904,2418
85486.603038,4904,2418
85508.664351,4904,2418
85530.688541,4904,2418
85552.770176,4904,2418
85574.779833,4904,2418
85602.73366,4904,2418
85624.76015,4904,2418
85646.757036,4904,2418
85668.775353,4904,2418
85690.788462,4904,2418
85712.911001,4904,2418
85734.944901,4904,2418
85763.727257,4904,2418
85785.741618,4904,2418
85807.742199,4904,2418
85829.760111,4904,2418
85851.831244,4904,2418
85873.838937,4904,2418
85895.853454,4904,2418
85924.95684,4904,2418
85946.96484,4904,2418
85968.961498,4904,2418
85990.952389,4904,2418
86013.043716,4904,2418
86035.054192,4904,2418
86064.130534,4904,2418
